date(YYYY-m-d),streamflow
2009-1-1,3.98
2009-1-2,3.98
2009-1-3,3.98
2009-1-4,3.98
2009-1-5,3.98
2009-1-6,3.98
2009-1-7,3.98
2009-1-8,3.98
2009-1-9,3.98
2009-1-10,3.98
2009-1-11,4.1
2009-1-12,4.25
2009-1-13,4.35
2009-1-14,4.33
2009-1-15,4.4
2009-1-16,4.18
2009-1-17,3.98
2009-1-18,3.98
2009-1-19,3.98
2009-1-20,3.98
2009-1-21,3.98
2009-1-22,3.98
2009-1-23,3.98
2009-1-24,3.98
2009-1-25,3.98
2009-1-26,3.98
2009-1-27,3.98
2009-1-28,4.19
2009-1-29,3.98
2009-1-30,3.98
2009-1-31,3.98
2009-2-1,3.98
2009-2-2,3.98
2009-2-3,3.98
2009-2-4,3.98
2009-2-5,3.98
2009-2-6,3.98
2009-2-7,3.98
2009-2-8,3.98
2009-2-9,3.98
2009-2-10,3.98
2009-2-11,3.98
2009-2-12,3.98
2009-2-13,4.08
2009-2-14,8.03
2009-2-15,5.74
2009-2-16,4.87
2009-2-17,4.77
2009-2-18,4.77
2009-2-19,4.77
2009-2-20,4.77
2009-2-21,4.77
2009-2-22,4.77
2009-2-23,4.77
2009-2-24,4.77
2009-2-25,4.77
2009-2-26,4.77
2009-2-27,4.77
2009-2-28,4.77
2009-3-1,4.77
2009-3-2,4.77
2009-3-3,4.77
2009-3-4,4.77
2009-3-5,4.77
2009-3-6,4.77
2009-3-7,4.77
2009-3-8,4.77
2009-3-9,4.77
2009-3-10,4.77
2009-3-11,4.41
2009-3-12,3.98
2009-3-13,4.24
2009-3-14,4.9
2009-3-15,4.35
2009-3-16,4.25
2009-3-17,4.12
2009-3-18,3.98
2009-3-19,3.98
2009-3-20,3.98
2009-3-21,3.98
2009-3-22,4.17
2009-3-23,4.22
2009-3-24,3.98
2009-3-25,3.98
2009-3-26,3.98
2009-3-27,3.69
2009-3-28,3.48
2009-3-29,3.48
2009-3-30,3.48
2009-3-31,3.48
2009-4-1,3.48
2009-4-2,3.48
2009-4-3,3.48
2009-4-4,3.48
2009-4-5,3.48
2009-4-6,3.48
2009-4-7,3.48
2009-4-8,3.48
2009-4-9,3.48
2009-4-10,3.48
2009-4-11,3.48
2009-4-12,3.48
2009-4-13,3.48
2009-4-14,3.45
2009-4-15,3.23
2009-4-16,3.23
2009-4-17,3.23
2009-4-18,3.23
2009-4-19,3.23
2009-4-20,3.23
2009-4-21,3.23
2009-4-22,3.23
2009-4-23,3.23
2009-4-24,3.23
2009-4-25,3.23
2009-4-26,3.23
2009-4-27,3.23
2009-4-28,3.23
2009-4-29,3.23
2009-4-30,3.23
2009-5-1,3.23
2009-5-2,3.23
2009-5-3,3.23
2009-5-4,3.23
2009-5-5,3.23
2009-5-6,3.23
2009-5-15,0.65
2009-5-16,3.14
2009-5-17,72.09
2009-5-18,14.05
2009-5-19,4.31
2009-5-20,2.35
2009-5-21,6.42
2009-5-22,7.55
2009-5-23,3.25
2009-5-24,2.11
2009-5-25,1.16
2009-5-26,0.85
2009-5-27,0.79
2009-5-28,0.79
2009-5-29,0.79
2009-5-30,0.79
2009-5-31,0.79
2009-6-1,0.79
2009-6-2,0.79
2009-6-3,0.79
2009-6-4,0.79
2009-6-5,0.79
2009-6-6,0.79
2009-6-7,0.79
2009-6-8,0.79
2009-6-9,0.79
2009-6-10,5.16
2009-6-11,2.96
2009-6-12,0.93
2009-6-13,0.79
2009-6-14,0.79
2009-6-15,0.79
2009-6-16,0.79
2009-6-17,0.79
2009-6-18,0.79
2009-6-19,0.79
2009-6-20,0.89
2009-6-21,1.54
2009-6-22,0.86
2009-6-23,0.71
2009-6-24,0.65
2009-6-25,0.65
2009-6-26,0.65
2009-6-27,0.65
2009-6-28,1.37
2009-6-29,1.56
2009-6-30,1.46
2009-7-1,0.93
2009-7-2,1.3
2009-7-3,1.62
2009-7-4,1.16
2009-7-5,0.96
2009-7-6,0.85
2009-7-7,0.79
2009-7-8,1.65
2009-7-9,30.7
2009-7-10,53.19
2009-7-11,11.05
2009-7-12,369.93
2009-7-13,139.29
2009-7-14,113.57
2009-7-15,277.8
2009-7-16,48.17
2009-7-17,23.44
2009-7-18,22.29
2009-7-19,72.23
2009-7-20,21.36
2009-7-21,17.89
2009-7-22,13.71
2009-7-23,11.72
2009-7-24,12.77
2009-7-25,12.22
2009-7-26,11.71
2009-7-27,11.31
2009-7-28,11.07
2009-7-29,9.96
2009-7-30,8.12
2009-7-31,7.24
2009-8-1,7.14
2009-8-2,7.14
2009-8-3,7.14
2009-8-4,7.14
2009-8-5,7.14
2009-8-6,7.14
2009-8-7,7.14
2009-8-8,7.86
2009-8-9,8.26
2009-8-10,7.49
2009-8-11,44.24
2009-8-12,168.37
2009-8-13,85.65
2009-8-14,28.48
2009-8-15,17.2
2009-8-16,12.57
2009-8-17,10.27
2009-8-18,7.64
2009-8-19,7.75
2009-8-20,34.13
2009-8-21,38.64
2009-8-22,14.63
2009-8-23,10.55
2009-8-24,8.39
2009-8-25,7.93
2009-8-26,9.23
2009-8-27,10.19
2009-8-28,9.21
2009-8-29,7.49
2009-8-30,7.49
2009-8-31,7.49
2009-9-1,7.49
2009-9-2,7.49
2009-9-3,7.49
2009-9-4,7.49
2009-9-5,7.49
2009-9-6,7.49
2009-9-7,7.49
2009-9-8,7.49
2009-9-9,7.49
2009-9-10,7.49
2009-9-11,7.49
2009-9-12,8.98
2009-9-13,9.98
2009-9-14,7.73
2009-9-15,7.49
2009-9-16,5.79
2009-9-17,4.99
2009-9-18,4.68
2009-9-19,4.68
2009-9-20,4.53
2009-9-21,4.33
2009-9-22,4.33
2009-9-23,4.33
2009-9-24,4.33
2009-9-25,4.33
2009-9-26,4.33
2009-9-27,4.33
2009-9-28,4.33
2009-9-29,4.33
2009-9-30,4.33
2009-10-1,4.33
2009-10-2,4.33
2009-10-3,4.33
2009-10-4,4.33
2009-10-5,4.33
2009-10-6,4.33
2009-10-7,4.33
2009-10-8,4.33
2009-10-9,4.33
2009-10-10,4.33
2009-10-11,4.33
2009-10-12,4.33
2009-10-13,4.9
2009-10-14,7.04
2009-10-15,7.32
2009-10-16,6.86
2009-10-17,6.92
2009-10-18,7.14
2009-10-19,7.14
2009-10-20,7.14
2009-10-21,6.79
2009-10-22,6.44
2009-10-23,6.29
2009-10-24,6.09
2009-10-25,6.09
2009-10-26,6.09
2009-10-27,6.09
2009-10-28,5.94
2009-10-29,5.74
2009-10-30,5.74
2009-10-31,5.81
2009-11-1,8.46
2009-11-2,8.74
2009-11-3,7.69
2009-11-4,7.39
2009-11-5,6.72
2009-11-6,6.44
2009-11-7,6.25
2009-11-8,9.51
2009-11-9,16.86
2009-11-10,10.25
2009-11-11,8.26
2009-11-12,7.67
2009-11-13,7.23
2009-11-14,7.14
2009-11-15,7.14
2009-11-16,7.14
2009-11-17,6.98
2009-11-18,6.79
2009-11-19,6.79
2009-11-20,6.79
2009-11-21,6.79
2009-11-22,6.79
2009-11-23,6.79
2009-11-24,6.79
2009-11-25,6.79
2009-11-26,6.66
2009-11-27,6.44
2009-11-28,6.27
2009-11-29,6.09
2009-11-30,6.09
2009-12-1,6.09
2009-12-2,6.09
2009-12-3,6.09
2009-12-4,6.09
2009-12-5,6.21
2009-12-6,6.44
2009-12-7,6.44
2009-12-8,6.44
2009-12-9,6.44
2009-12-10,6.47
2009-12-11,8.7
2009-12-12,8.41
2009-12-13,7.56
2009-12-14,7.27
2009-12-15,7.14
2009-12-16,6.64
2009-12-17,6.09
2009-12-18,6.09
2009-12-19,6.16
2009-12-20,5.82
2009-12-21,5.56
2009-12-22,5.19
2009-12-23,5.03
2009-12-24,5.03
2009-12-25,5.03
2009-12-26,5.03
2009-12-27,4.87
2009-12-28,4.8
2009-12-29,4.37
2009-12-30,3.98
2009-12-31,3.98
2010-1-1,4.58
2010-1-2,4.73
2010-1-3,4.82
2010-1-4,3.99
2010-1-5,4.49
2010-1-6,4.89
2010-1-7,4.89
2010-1-8,5.41
2010-1-9,5.93
2010-1-10,5.93
2010-1-11,6.13
2010-1-12,6.62
2010-1-13,6.81
2010-1-14,7.18
2010-1-15,7.31
2010-1-16,7.27
2010-1-17,6.99
2010-1-18,7.12
2010-1-19,6.41
2010-1-20,8.67
2010-1-21,12.34
2010-1-22,11.48
2010-1-23,9.29
2010-1-24,7.53
2010-1-25,6.35
2010-1-26,5.95
2010-1-27,5.41
2010-1-28,5.23
2010-1-29,5.54
2010-1-30,5.39
2010-1-31,5.05
2010-2-1,4.89
2010-2-2,4.71
2010-2-3,4.26
2010-2-4,3.97
2010-2-5,3.94
2010-2-6,3.8
2010-2-7,3.51
2010-2-8,3.35
2010-2-9,5.35
2010-2-10,12.34
2010-2-11,12.32
2010-2-12,10.34
2010-2-13,9.38
2010-2-14,8.43
2010-2-15,7.07
2010-2-16,6.45
2010-2-17,6.1
2010-2-18,5.93
2010-2-19,5.72
2010-2-20,5.44
2010-2-21,5.9
2010-2-22,7.05
2010-2-23,7.05
2010-2-24,7.25
2010-2-25,9.97
2010-2-26,12.34
2010-2-27,12.34
2010-2-28,11.68
2010-3-1,11.8
2010-3-2,12.34
2010-3-3,12.34
2010-3-4,12.14
2010-3-5,11.22
2010-3-6,10.75
2010-3-7,9.6
2010-3-8,6.56
2010-3-9,1.85
2010-3-10,1.98
2010-3-11,2.35
2010-3-12,2.95
2010-3-13,3.08
2010-3-14,2.61
2010-3-15,3.49
2010-3-16,5.96
2010-3-17,4.51
2010-3-18,3.94
2010-3-19,4.12
2010-3-20,4.07
2010-3-21,3.8
2010-3-22,3.2
2010-3-23,3.08
2010-3-24,2.96
2010-3-25,2.62
2010-3-26,3.25
2010-3-27,2.93
2010-3-28,2.42
2010-3-29,2.1
2010-3-30,1.79
2010-3-31,2.55
2010-4-1,6.64
2010-4-2,7.2
2010-4-3,5.41
2010-4-4,3.81
2010-4-5,3.09
2010-4-6,2.44
2010-4-7,1.12
2010-4-8,1.53
2010-4-9,0.98
2010-4-10,1.07
2010-4-11,1.07
2010-4-12,1.05
2010-4-13,0.85
2010-4-14,0.74
2010-4-15,0.74
2010-4-16,0.74
2010-4-17,0.61
2010-4-18,0.47
2010-4-19,0.47
2010-4-20,0.41
2010-4-21,0.09
2010-4-22,0.23
2010-4-23,0.36
2010-4-24,0.36
2010-4-25,0.3
2010-4-26,0.22
2010-4-27,4.63
2010-4-28,4.05
2010-4-29,4.42
2010-4-30,3.27
2010-5-1,1.92
2010-5-2,1.1
2010-5-3,0.66
2010-5-4,0.38
2010-5-5,0.24
2010-5-6,0.17
2010-5-7,0.23
2010-5-8,0.24
2010-5-9,0.13
2010-5-10,0.09
2010-5-11,0.07
2010-5-12,0.09
2010-5-13,0.08
2010-5-14,0.08
2010-5-15,0.09
2010-5-16,0.09
2010-5-17,0.1
2010-5-18,20.16
2010-5-19,27.26
2010-5-20,8.87
2010-5-21,4.08
2010-5-22,4.08
2010-5-23,11.23
2010-5-24,14.07
2010-5-25,10.92
2010-5-26,6.37
2010-5-27,3.24
2010-5-28,1.89
2010-5-29,1.56
2010-5-30,1.24
2010-5-31,0.75
2010-6-1,0.4
2010-6-2,0.26
2010-6-3,0.11
2010-6-4,0.08
2010-6-5,0.09
2010-6-6,0.09
2010-6-7,0.09
2010-6-8,0.09
2010-6-9,0.09
2010-6-10,0.08
2010-6-11,0.08
2010-6-12,1.34
2010-6-13,4.35
2010-6-14,4.01
2010-6-15,2.15
2010-6-16,1.78
2010-6-17,1.01
2010-6-18,0.9
2010-6-19,0.75
2010-6-20,32.92
2010-6-21,14.71
2010-6-22,5.48
2010-6-23,3.14
2010-6-24,2.25
2010-6-25,1.84
2010-6-26,3.3
2010-6-27,2.09
2010-6-28,2
2010-6-29,1.41
2010-6-30,1.35
2010-7-1,1.64
2010-7-2,4.53
2010-7-3,14.44
2010-7-4,7.49
2010-7-5,6.24
2010-7-6,3.63
2010-7-7,3.08
2010-7-8,2.86
2010-7-9,1.85
2010-7-10,1.45
2010-7-11,1.24
2010-7-12,1.08
2010-7-13,0.52
2010-7-14,0.09
2010-7-15,0.17
2010-7-16,3.04
2010-7-17,68.45
2010-7-18,53.83
2010-7-19,17.89
2010-7-20,8.98
2010-7-21,5.67
2010-7-22,4.74
2010-7-23,4.85
2010-7-26,11.52
2010-7-27,8.64
2010-7-28,5.61
2010-7-29,4.49
2010-7-30,3.2
2010-7-31,2.54
2010-8-1,1.94
2010-8-2,2.66
2010-8-3,5.46
2010-8-4,4.33
2010-8-5,8.7
2010-8-6,21.06
2010-8-7,32.58
2010-8-8,27.43
2010-8-9,9.92
2010-8-10,8.66
2010-8-11,25.28
2010-8-12,10.92
2010-8-13,31.74
2010-8-14,37.38
2010-8-15,120.26
2010-8-16,58.19
2010-8-17,31.71
2010-8-18,33.49
2010-8-19,24.62
2010-8-20,16.26
2010-8-21,13.11
2010-8-22,10.5
2010-8-23,12.12
2010-8-24,23.51
2010-8-25,37.25
2010-8-26,30.11
2010-8-27,19.07
2010-8-28,11.63
2010-8-29,41.46
2010-8-30,60.9
2010-8-31,78.26
2010-9-1,111.29
2010-9-2,98.72
2010-9-3,60.51
2010-9-4,41.71
2010-9-5,33.05
2010-9-6,81.34
2010-9-7,51.8
2010-9-8,30.02
2010-9-9,25.21
2010-9-10,26.22
2010-9-11,224.48
2010-9-12,442.84
2010-9-13,126.38
2010-9-14,66.16
2010-9-15,43.09
2010-9-16,32
2010-9-17,30.11
2010-9-18,27.34
2010-9-19,25.97
2010-9-20,49.47
2010-9-21,57.36
2010-9-22,184.74
2010-9-23,59.17
2010-9-24,38.94
2010-9-25,32.06
2010-9-26,25.94
2010-9-27,23.5
2010-9-28,21.26
2010-9-29,21
2010-9-30,18.4
2010-10-1,15.45
2010-10-2,15.47
2010-10-3,17.6
2010-10-4,15.52
2010-10-5,15.45
2010-10-6,13.44
2010-10-7,12.84
2010-10-8,12.84
2010-10-9,12.84
2010-10-10,12.84
2010-10-11,12.84
2010-10-12,12.84
2010-10-13,12.84
2010-10-14,12.84
2010-10-15,10.43
2010-10-16,6.78
2010-10-17,6.42
2010-10-18,6.2
2010-10-19,5.93
2010-10-20,5.93
2010-10-21,5.93
2010-10-22,5.83
2010-10-23,5.57
2010-10-24,5.24
2010-10-25,5.2
2010-10-26,4.78
2010-10-27,4.56
2010-10-28,4.56
2010-10-29,4.56
2010-10-30,4.41
2010-10-31,4.25
2010-11-1,4.25
2010-11-2,4.12
2010-11-3,3.94
2010-11-4,3.94
2010-11-5,3.94
2010-11-6,3.94
2010-11-7,3.94
2010-11-8,3.94
2010-11-9,3.99
2010-11-10,4.25
2010-11-11,4.25
2010-11-12,4.78
2010-11-13,4.52
2010-11-14,4.07
2010-11-15,3.94
2010-11-16,3.94
2010-11-17,3.94
2010-11-18,3.94
2010-11-19,3.94
2010-11-20,3.94
2010-11-21,3.94
2010-11-22,3.94
2010-11-23,3.79
2010-11-24,3.64
2010-11-25,3.64
2010-11-26,3.64
2010-11-27,3.64
2010-11-28,3.64
2010-11-29,3.64
2010-11-30,3.64
2010-12-1,3.64
2010-12-2,3.64
2010-12-3,3.64
2010-12-4,3.64
2010-12-5,3.64
2010-12-6,3.54
2010-12-7,3.35
2010-12-8,3.35
2010-12-9,3.35
2010-12-10,3.35
2010-12-11,3.35
2010-12-12,3.35
2010-12-13,3.35
2010-12-14,3.35
2010-12-15,2.91
2010-12-16,2.79
2010-12-17,3.08
2010-12-18,3.08
2010-12-19,3.08
2010-12-20,3.08
2010-12-21,3.08
2010-12-22,3.08
2010-12-23,3.08
2010-12-24,2.55
2010-12-25,2.55
2010-12-26,3.74
2010-12-27,3.25
2010-12-28,2.81
2010-12-29,3.52
2010-12-30,3.08
2010-12-31,3.77
2011-1-1,4.18
2011-1-2,4.26
2011-1-3,4.5
2011-1-4,3.74
2011-1-5,3.4
2011-1-6,3.22
2011-1-7,2.99
2011-1-8,3.1
2011-1-9,3.18
2011-1-10,3.5
2011-1-11,3.25
2011-1-12,3.1
2011-1-13,4.08
2011-1-14,3.84
2011-1-15,3.66
2011-1-16,3.52
2011-1-17,4.05
2011-1-18,4.33
2011-1-19,4.5
2011-1-20,4.71
2011-1-21,4.87
2011-1-22,4.98
2011-1-23,4.95
2011-1-24,4.61
2011-1-25,4.67
2011-1-26,5.1
2011-1-27,5.52
2011-1-28,5.96
2011-1-29,6.21
2011-1-30,6.22
2011-1-31,5.34
2011-2-1,4.83
2011-2-2,3.87
2011-2-3,3.26
2011-2-4,3.03
2011-2-5,3.03
2011-2-6,3.03
2011-2-7,2.92
2011-2-8,2.71
2011-2-9,2.96
2011-2-10,3.3
2011-2-11,2.93
2011-2-12,2.49
2011-2-13,2.43
2011-2-14,2.57
2011-2-15,2.49
2011-2-16,2.57
2011-2-17,2.57
2011-2-18,2.57
2011-2-19,2.57
2011-2-20,2.57
2011-2-21,2.57
2011-2-22,2.57
2011-2-23,2.57
2011-2-24,2.57
2011-2-25,2.57
2011-2-26,2.57
2011-2-27,15.62
2011-2-28,32.33
2011-3-1,13.17
2011-3-2,8.9
2011-3-3,6.48
2011-3-4,5.29
2011-3-5,4.72
2011-3-6,4.44
2011-3-7,4.31
2011-3-8,3.97
2011-3-9,3.79
2011-3-10,3.43
2011-3-11,3.27
2011-3-12,3.27
2011-3-13,3.27
2011-3-14,3.27
2011-3-15,3.27
2011-3-16,3.27
2011-3-17,3.27
2011-3-18,3.27
2011-3-19,3.27
2011-3-20,5.58
2011-3-21,7.26
2011-3-22,5.36
2011-3-23,4.65
2011-3-24,4.08
2011-3-25,4.25
2011-3-26,4.62
2011-3-27,4.57
2011-3-28,4.18
2011-3-29,4.05
2011-3-30,2.9
2011-3-31,2.57
2011-4-1,2.57
2011-4-2,2.57
2011-4-3,2.57
2011-4-4,2.57
2011-4-5,2.57
2011-4-6,2.19
2011-4-7,1.07
2011-4-8,3.8
2011-4-9,3.84
2011-4-10,3.54
2011-4-11,2.81
2011-4-12,2.15
2011-4-13,2.15
2011-4-14,2.15
2011-4-15,2.15
2011-4-16,2.15
2011-4-17,1.86
2011-4-18,1.62
2011-4-19,1.62
2011-4-20,1.51
2011-4-21,1.26
2011-4-22,3.27
2011-4-23,6.78
2011-4-24,3.66
2011-4-25,2.28
2011-4-26,1.88
2011-4-27,1.93
2011-4-28,2.36
2011-4-29,2.24
2011-4-30,64.27
2011-5-1,123.96
2011-5-2,32.92
2011-5-3,16.08
2011-5-4,9.67
2011-5-5,7.48
2011-5-6,5.91
2011-5-7,5.98
2011-5-8,4.84
2011-5-9,4.95
2011-5-10,22.04
2011-5-11,217.87
2011-5-12,73.95
2011-5-13,34.92
2011-5-14,20.4
2011-5-15,14.72
2011-5-16,11.79
2011-5-17,10.01
2011-5-18,9.29
2011-5-19,9.05
2011-5-20,9.37
2011-5-21,13.08
2011-5-22,12.97
2011-5-23,9.22
2011-5-24,7.59
2011-5-25,7.03
2011-5-26,6.94
2011-5-27,6.24
2011-5-28,5.45
2011-5-29,4.87
2011-5-30,4.36
2011-5-31,4.06
2011-6-1,27.22
2011-6-2,15.86
2011-6-3,7.48
2011-6-4,5.7
2011-6-5,4.85
2011-6-6,4.27
2011-6-7,3.64
2011-6-8,3.27
2011-6-9,3.53
2011-6-10,3.3
2011-6-11,3.03
2011-6-12,2.94
2011-6-13,2.8
2011-6-14,2.62
2011-6-15,2.36
2011-6-16,1.8
2011-6-17,1.32
2011-6-18,1.44
2011-6-19,1.5
2011-6-20,1.62
2011-6-21,1.89
2011-6-22,2.66
2011-6-23,18.01
2011-6-24,197.18
2011-6-25,134.7
2011-6-26,161.52
2011-6-27,62.8
2011-6-28,32.92
2011-6-29,76.91
2011-6-30,318.16
2011-7-1,97
2011-7-2,49.28
2011-7-3,324.19
2011-7-4,217.24
2011-7-5,72.55
2011-7-6,42.43
2011-7-7,43.79
2011-7-8,235.69
2011-7-9,337.54
2011-7-10,146.87
2011-7-11,206.13
2011-7-12,323.17
2011-7-13,143.51
2011-7-14,202.85
2011-7-15,190.08
2011-7-16,86.95
2011-7-17,151.56
2011-7-18,60.51
2011-7-19,37.59
2011-7-20,28.64
2011-7-21,23.53
2011-7-22,20.34
2011-7-23,17.93
2011-7-24,17.86
2011-7-25,18.36
2011-7-26,17.01
2011-7-27,275.68
2011-7-28,137.09
2011-7-29,84.05
2011-7-30,92.25
2011-7-31,69.34
2011-8-1,93.42
2011-8-2,45.71
2011-8-3,34.93
2011-8-4,57.44
2011-8-5,30.05
2011-8-6,23.02
2011-8-7,19.53
2011-8-8,94.45
2011-8-9,49.94
2011-8-10,36.59
2011-8-11,23.52
2011-8-12,46.3
2011-8-13,124.78
2011-8-14,69.12
2011-8-15,87.2
2011-8-16,105.66
2011-8-17,519.98
2011-8-18,285
2011-8-19,86.97
2011-8-20,52.79
2011-8-21,37.35
2011-8-22,29.52
2011-8-23,25.08
2011-8-24,20.97
2011-8-25,17.39
2011-8-26,16.05
2011-8-27,15.31
2011-8-28,13.31
2011-8-29,11.77
2011-8-30,10.04
2011-8-31,10
2011-9-1,9.64
2011-9-2,8.98
2011-9-3,8.66
2011-9-4,8.18
2011-9-5,7.7
2011-9-6,8.93
2011-9-7,7.76
2011-9-8,7.72
2011-9-9,9.57
2011-9-10,8.83
2011-9-11,109.28
2011-9-12,55.19
2011-9-13,21.64
2011-9-14,15.63
2011-9-15,13.2
2011-9-16,11.89
2011-9-17,10.93
2011-9-18,31.04
2011-9-19,14.16
2011-9-20,11.54
2011-9-21,10.53
2011-9-22,9.5
2011-9-23,8.97
2011-9-24,8.53
2011-9-25,8.04
2011-9-26,7.69
2011-9-27,7.44
2011-9-28,7.41
2011-9-29,9.8
2011-9-30,11.16
2011-10-1,8.4
2011-10-2,7.54
2011-10-3,7.14
2011-10-4,6.86
2011-10-5,7.14
2011-10-6,7.49
2011-10-7,6.85
2011-10-8,6.17
2011-10-9,5.93
2011-10-10,5.79
2011-10-11,5.6
2011-10-12,5.52
2011-10-13,5.29
2011-10-14,5.42
2011-10-15,6.27
2011-10-16,9.08
2011-10-17,7.41
2011-10-18,6.06
2011-10-19,5.41
2011-10-20,5.21
2011-10-21,4.97
2011-10-22,6.94
2011-10-23,6.22
2011-10-24,5.6
2011-10-25,5.39
2011-10-26,5.17
2011-10-27,4.88
2011-10-28,4.38
2011-10-29,4.53
2011-10-30,4.97
2011-10-31,4.86
2011-11-1,4.59
2011-11-2,4.38
2011-11-3,4.58
2011-11-4,4.65
2011-11-5,4.38
2011-11-6,4.57
2011-11-7,4.67
2011-11-8,4.67
2011-11-9,4.77
2011-11-10,5.13
2011-11-11,4.67
2011-11-12,4.53
2011-11-13,4.38
2011-11-14,4.24
2011-11-15,4.09
2011-11-16,4.09
2011-11-17,4.09
2011-11-18,4.89
2011-11-19,6.53
2011-11-20,5.45
2011-11-21,4.85
2011-11-22,4.67
2011-11-23,4.67
2011-11-24,4.67
2011-11-25,4.67
2011-11-26,4.67
2011-11-27,4.5
2011-11-28,4.2
2011-11-29,4.09
2011-11-30,20.78
2011-12-1,19.32
2011-12-2,9.16
2011-12-3,10.6
2011-12-4,9.43
2011-12-5,7.62
2011-12-6,6.81
2011-12-7,6.44
2011-12-8,6.26
2011-12-9,5.93
2011-12-10,5.93
2011-12-11,5.85
2011-12-12,5.6
2011-12-13,5.43
2011-12-14,5.29
2011-12-15,4.97
2011-12-16,4.83
2011-12-17,4.48
2011-12-18,4.38
2011-12-19,4.22
2011-12-20,4.09
2011-12-21,4.09
2011-12-22,4.09
2011-12-23,3.77
2011-12-24,3.72
2011-12-25,4
2011-12-26,3.73
2011-12-27,3.69
2011-12-28,3.87
2011-12-29,3.55
2011-12-30,3.58
2011-12-31,3.34
2012-1-1,3.7
2012-1-2,3.7
2012-1-3,3.7
2012-1-4,3.7
2012-1-5,3.6
2012-1-6,3.79
2012-1-7,3.48
2012-1-8,3.49
2012-1-9,3.84
2012-1-10,3.97
2012-1-11,3.62
2012-1-12,3.36
2012-1-13,3.62
2012-1-14,3.38
2012-1-15,3.27
2012-1-16,3.41
2012-1-17,3.23
2012-1-18,3.23
2012-1-19,3.23
2012-1-20,3.23
2012-1-21,3.23
2012-1-22,3.23
2012-1-23,2.91
2012-1-24,2.92
2012-1-25,3.12
2012-1-26,2.91
2012-1-27,3.36
2012-1-28,3.12
2012-1-29,2.9
2012-1-30,2.89
2012-1-31,2.94
2012-2-1,2.9
2012-2-2,2.92
2012-2-3,4.3
2012-2-4,3.94
2012-2-5,3.05
2012-2-6,2.88
2012-2-7,2.79
2012-2-8,2.74
2012-2-9,2.61
2012-2-10,2.65
2012-2-11,2.49
2012-2-12,2.59
2012-2-13,2.58
2012-2-14,2.58
2012-2-15,2.58
2012-2-16,2.45
2012-2-17,2.39
2012-2-18,2.3
2012-2-19,2.2
2012-2-20,2.2
2012-2-21,2.2
2012-2-22,2.2
2012-2-23,2.2
2012-2-24,2.2
2012-2-25,2.2
2012-2-26,2.2
2012-2-27,2.2
2012-2-28,2.2
2012-2-29,2.2
2012-3-1,2.2
2012-3-2,2.2
2012-3-3,2.2
2012-3-4,2.2
2012-3-5,2.26
2012-3-6,4.24
2012-3-7,4.56
2012-3-8,3.68
2012-3-9,3.36
2012-3-10,3.12
2012-3-11,3
2012-3-12,2.84
2012-3-13,2.79
2012-3-14,2.66
2012-3-15,2.58
2012-3-16,2.45
2012-3-17,3.59
2012-3-18,4.25
2012-3-19,3.64
2012-3-20,3.31
2012-3-21,3.04
2012-3-22,2.74
2012-3-23,4.04
2012-3-24,11.82
2012-3-25,7.76
2012-3-26,5.52
2012-3-27,4.5
2012-3-28,3.19
2012-3-29,3
2012-3-30,6.26
2012-3-31,6.62
2012-4-1,5.23
2012-4-2,4.78
2012-4-3,88.66
2012-4-4,44.92
2012-4-5,20.56
2012-4-6,10.46
2012-4-7,9.17
2012-4-8,8
2012-4-9,6.89
2012-4-10,6.61
2012-4-11,7.26
2012-4-12,6.12
2012-4-13,5.3
2012-4-14,4.9
2012-4-15,4.58
2012-4-16,4.11
2012-4-17,3.54
2012-4-18,3.46
2012-4-19,3.33
2012-4-20,3.07
2012-4-21,5.02
2012-4-22,15.14
2012-4-23,8.86
2012-4-24,6.36
2012-4-25,9.75
2012-4-26,23.72
2012-4-27,10.78
2012-4-28,7.34
2012-4-29,5.81
2012-4-30,4.86
2012-5-1,4.17
2012-5-2,3.31
2012-5-3,2.97
2012-5-4,2.7
2012-5-5,2.4
2012-5-6,2.39
2012-5-7,2.3
2012-5-8,2.2
2012-5-9,2.1
2012-5-10,2.02
2012-5-11,2.02
2012-5-12,2.02
2012-5-13,2.17
2012-5-14,4.02
2012-5-15,7.91
2012-5-16,5.58
2012-5-17,7.21
2012-5-18,5.71
2012-5-19,3.52
2012-5-20,3.52
2012-5-21,2.96
2012-5-22,2.57
2012-5-23,2.29
2012-5-24,2.2
2012-5-25,2.13
2012-5-26,2.02
2012-5-27,2.02
2012-5-28,2.07
2012-5-29,3.33
2012-5-30,2.86
2012-5-31,2.69
2012-6-1,2.26
2012-6-2,2.2
2012-6-3,2.2
2012-6-4,2.12
2012-6-5,2.02
2012-6-6,2.02
2012-6-7,2.02
2012-6-8,2.3
2012-6-9,2.21
2012-6-10,2.08
2012-6-11,2.04
2012-6-12,2.02
2012-6-13,2.02
2012-6-14,2.02
2012-6-15,2.02
2012-6-16,2.02
2012-6-17,2.02
2012-6-18,2.02
2012-6-19,1.9
2012-6-20,1.69
2012-6-21,1.69
2012-6-22,1.69
2012-6-23,1.69
2012-6-24,1.69
2012-6-25,1.69
2012-6-26,1.43
2012-6-27,0.73
2012-6-28,0.71
2012-6-29,2.39
2012-6-30,26.62
2012-7-1,22.21
2012-7-2,6.55
2012-7-3,2.81
2012-7-4,5.25
2012-7-5,5.67
2012-7-6,389.43
2012-7-7,136.22
2012-7-8,38.41
2012-7-9,21.38
2012-7-10,17.41
2012-7-11,16.06
2012-7-12,12.64
2012-7-13,13.81
2012-7-14,12.85
2012-7-15,167.04
2012-7-16,64.85
2012-7-17,30.14
2012-7-18,21.86
2012-7-19,125.71
2012-7-20,59.37
2012-7-21,28.37
2012-7-22,31.73
2012-7-23,45.05
2012-7-24,19.77
2012-7-25,13.25
2012-7-26,8.4
2012-7-27,5.11
2012-7-28,5.51
2012-7-29,5.13
2012-7-30,4.62
2012-7-31,2.95
2012-8-1,3.27
2012-8-2,3.04
2012-8-3,2.77
2012-8-4,2.48
2012-8-5,2.25
2012-8-6,2.05
2012-8-7,1.94
2012-8-8,1.79
2012-8-9,1.58
2012-8-10,1.83
2012-8-11,2.26
2012-8-12,4.3
2012-8-13,35.2
2012-8-14,9.59
2012-8-15,25.24
2012-8-16,43.96
2012-8-17,21.87
2012-8-18,19.16
2012-8-19,15.09
2012-8-20,19.86
2012-8-21,38.27
2012-8-22,91.99
2012-8-23,52.94
2012-8-24,28.73
2012-8-25,28.54
2012-8-26,18.83
2012-8-27,14.41
2012-8-28,11.72
2012-8-29,10.11
2012-8-30,233.5
2012-8-31,194.17
2012-9-1,62.95
2012-9-2,44.02
2012-9-3,26.83
2012-9-4,32.34
2012-9-5,215.15
2012-9-6,62.75
2012-9-7,35.92
2012-9-8,70.96
2012-9-9,36.75
2012-9-10,26.36
2012-9-11,19.59
2012-9-12,15.99
2012-9-13,13.96
2012-9-14,15.19
2012-9-15,14
2012-9-16,13.21
2012-9-17,105.43
2012-9-18,96.21
2012-9-19,40.35
2012-9-20,28.22
2012-9-21,19.19
2012-9-22,15.19
2012-9-23,12.89
2012-9-24,11.14
2012-9-25,9.68
2012-9-26,9.15
2012-9-27,8.25
2012-9-28,7.93
2012-9-29,7.7
2012-9-30,7.12
2012-10-1,6.6
2012-10-2,6.21
2012-10-3,5.72
2012-10-4,5.44
2012-10-5,5.18
2012-10-6,5.07
2012-10-7,4.73
2012-10-8,4.55
2012-10-9,4.25
2012-10-10,4.08
2012-10-11,5.57
2012-10-12,4.35
2012-10-13,3.88
2012-10-14,3.36
2012-10-15,3.05
2012-10-16,3.44
2012-10-17,3.27
2012-10-18,3.21
2012-10-19,3.05
2012-10-20,2.93
2012-10-21,2.83
2012-10-22,11.17
2012-10-23,14.72
2012-10-24,5.34
2012-10-25,4.03
2012-10-26,3.62
2012-10-27,9
2012-10-28,19.99
2012-10-29,7.67
2012-10-30,5.55
2012-10-31,4.86
2012-11-1,4.55
2012-11-2,4.3
2012-11-3,4.01
2012-11-4,4.01
2012-11-5,4.01
2012-11-6,4.57
2012-11-7,5.31
2012-11-8,4.67
2012-11-9,4.27
2012-11-10,4.13
2012-11-11,7.09
2012-11-12,11.81
2012-11-13,15.99
2012-11-14,15.13
2012-11-15,10.12
2012-11-16,8.42
2012-11-17,8.65
2012-11-18,8.91
2012-11-19,8.33
2012-11-20,8.16
2012-11-21,7.41
2012-11-22,7.16
2012-11-23,7.05
2012-11-24,6.79
2012-11-25,6.64
2012-11-26,6.44
2012-11-27,6.44
2012-11-28,6.44
2012-11-29,6.44
2012-11-30,6.4
2012-12-1,6.1
2012-12-2,6.1
2012-12-3,6
2012-12-4,7.32
2012-12-5,6.72
2012-12-6,6.06
2012-12-7,6.44
2012-12-8,5.88
2012-12-9,5.54
2012-12-10,4.94
2012-12-11,4.84
2012-12-12,4.84
2012-12-13,4.84
2012-12-14,4.84
2012-12-15,4.84
2012-12-16,4.84
2012-12-17,4.84
2012-12-18,4.84
2012-12-19,4.84
2012-12-20,4.84
2012-12-21,4.84
2012-12-22,4.84
2012-12-23,4.84
2012-12-24,4.84
2012-12-25,4.84
2012-12-26,4.84
2012-12-27,4.84
2012-12-28,4.84
2012-12-29,4.84
2012-12-30,4.84
2012-12-31,4.85
2013-1-21,5.16
2013-1-22,5.16
2013-1-23,5.16
2013-1-24,5.16
2013-1-25,5.16
2013-1-26,5.16
2013-1-27,5.16
2013-1-28,5.16
2013-1-29,5.16
2013-1-30,5.16
2013-1-31,5.45
2013-2-1,5.94
2013-2-2,5.94
2013-2-3,5.94
2013-2-4,5.94
2013-2-5,5.94
2013-2-6,5.94
2013-2-7,5.94
2013-2-8,5.94
2013-2-9,5.94
2013-2-10,5.94
2013-2-11,5.94
2013-2-12,5.94
2013-2-13,5.79
2013-2-14,5.65
2013-2-15,5.94
2013-2-16,5.76
2013-2-17,6.02
2013-2-18,6.03
2013-2-19,6.39
2013-2-20,6.03
2013-2-21,6.64
2013-2-22,6.79
2013-2-23,7.17
2013-2-24,7.9
2013-2-25,8.94
2013-2-26,15.44
2013-2-27,29.64
2013-2-28,5.67
2013-3-1,6.76
2013-3-2,6.8
2013-3-3,6.05
2013-3-4,5.67
2013-3-5,5.65
2013-3-6,5.41
2013-3-7,6.28
2013-3-8,7.18
2013-3-9,7.75
2013-3-10,6.37
2013-3-11,5.81
2013-3-12,5.46
2013-3-13,14.1
2013-3-14,13.62
2013-3-15,10.35
2013-3-16,8.62
2013-3-17,7.74
2013-3-18,16.43
2013-3-19,12.86
2013-3-20,10.74
2013-3-21,10.2
2013-3-22,9.94
2013-3-23,9.17
2013-3-24,8.31
2013-3-25,7.55
2013-3-26,6.83
2013-3-27,6.22
2013-3-28,5.37
2013-3-29,4.1
2013-3-30,4.22
2013-3-31,4.22
2013-4-1,4
2013-4-2,3.92
2013-4-3,3.76
2013-4-4,3.66
2013-4-5,2.36
2013-4-6,4.07
2013-4-7,9.07
2013-4-8,6.2
2013-4-9,4.99
2013-4-10,4.81
2013-4-11,3.66
2013-4-12,3.62
2013-4-13,3.46
2013-4-14,3.17
2013-4-15,3.1
2013-4-16,2.46
2013-4-17,2.41
2013-4-18,2.41
2013-4-19,2.33
2013-4-20,2.65
2013-4-21,3.59
2013-4-22,2.73
2013-4-23,2.58
2013-4-24,4.13
2013-4-25,3.43
2013-4-26,3.17
2013-4-27,2.63
2013-4-28,2.29
2013-4-29,2.64
2013-4-30,3.6
2013-5-1,2.51
2013-5-2,2.02
2013-5-3,1.87
2013-5-4,1.65
2013-5-5,1.41
2013-5-6,1.09
2013-5-7,0.69
2013-5-8,0.49
2013-5-9,0.53
2013-5-10,6.24
2013-5-11,7.42
2013-5-12,4.9
2013-5-13,3.77
2013-5-14,3.11
2013-5-15,2.94
2013-5-16,2.94
2013-5-17,2.75
2013-5-18,2.77
2013-5-19,20.63
2013-5-20,12.72
2013-5-21,7.71
2013-5-22,5.58
2013-5-23,4.71
2013-5-24,4.12
2013-5-25,3.88
2013-5-26,3.63
2013-5-27,7.91
2013-5-28,47.16
2013-5-29,18.31
2013-5-30,10.32
2013-5-31,6.04
2013-6-1,4.82
2013-6-2,4.5
2013-6-3,3.98
2013-6-4,3.35
2013-6-5,3.05
2013-6-6,2.84
2013-6-7,2.75
2013-6-8,2.57
2013-6-9,2.37
2013-6-10,2.23
2013-6-11,2.17
2013-6-12,2.41
2013-6-13,2.64
2013-6-14,1.83
2013-6-15,1.87
2013-6-16,1.82
2013-6-17,3
2013-6-18,21.48
2013-6-19,57.39
2013-6-20,14.93
2013-6-21,7.74
2013-6-22,5.45
2013-6-23,5.31
2013-6-24,4.71
2013-6-25,3.77
2013-6-26,12.59
2013-6-27,8.34
2013-6-28,25.85
2013-6-29,9.46
2013-6-30,6.83
2013-7-1,9.9
2013-7-2,6.53
2013-7-3,11.04
2013-7-4,5.32
2013-7-5,10.41
2013-7-6,6.43
2013-7-7,4.7
2013-7-8,8.35
2013-7-9,18.99
2013-7-10,8.49
2013-7-11,6.12
2013-7-12,5.86
2013-7-13,13.35
2013-7-14,33.67
2013-7-15,53.34
2013-7-16,32.91
2013-7-17,100.42
2013-7-18,78.42
2013-7-19,36.3
2013-7-20,24.43
2013-7-21,18.64
2013-7-22,81.69
2013-7-23,89.05
2013-7-24,144.16
2013-7-25,63.97
2013-7-26,35.15
2013-7-27,24.09
2013-7-28,20.2
2013-7-29,19.72
2013-7-30,16.12
2013-7-31,73.3
2013-8-1,39.82
2013-8-2,86.73
2013-8-3,142.68
2013-8-4,70.52
2013-8-5,44.8
2013-8-6,41.4
2013-8-7,38.97
2013-8-8,24.66
2013-8-9,16.78
2013-8-10,33.82
2013-8-11,39.03
2013-8-12,23.06
2013-8-13,17.4
2013-8-14,15.12
2013-8-15,13.96
2013-8-16,12.44
2013-8-17,10.36
2013-8-18,9.61
2013-8-19,9.26
2013-8-20,8.2
2013-8-21,7.1
2013-8-22,14.01
2013-8-23,67.63
2013-8-24,28.95
2013-8-25,15.5
2013-8-26,11.59
2013-8-27,10.68
2013-8-28,9.47
2013-8-29,29.21
2013-8-30,38.76
2013-8-31,16.35
2013-9-1,11.96
2013-9-2,10.22
2013-9-3,9.38
2013-9-4,9.01
2013-9-5,8.44
2013-9-6,7.78
2013-9-7,7.6
2013-9-8,7.12
2013-9-9,6.31
2013-9-10,6.27
2013-9-11,26.67
2013-9-12,13.64
2013-9-13,19.15
2013-9-14,160.04
2013-9-15,68.36
2013-9-16,27.18
2013-9-17,16.79
2013-9-18,13
2013-9-19,10.71
2013-9-20,9.4
2013-9-21,8.61
2013-9-22,8.01
2013-9-23,8.72
2013-9-24,7.08
2013-9-25,7.03
2013-9-26,6.78
2013-9-27,6.26
2013-9-28,5.91
2013-9-29,11.24
2013-9-30,10.02
2013-10-1,7.05
2013-10-2,7.16
2013-10-3,6.19
2013-10-4,5.69
2013-10-5,5.56
2013-10-6,5.37
2013-10-7,5.03
2013-10-8,5.46
2013-10-9,6.41
2013-10-10,5.13
2013-10-11,4.06
2013-10-12,4.13
2013-10-13,4.08
2013-10-14,4.48
2013-10-15,4.46
2013-10-16,4.3
2013-10-17,4.3
2013-10-18,4.3
2013-10-19,4.3
2013-10-20,4.2
2013-10-21,4.08
2013-10-22,4.08
2013-10-23,4.08
2013-10-24,4.08
2013-10-25,3.99
2013-10-26,3.86
2013-10-27,3.86
2013-10-28,3.76
2013-10-29,3.65
2013-10-30,3.65
2013-10-31,3.65
2013-11-1,3.65
2013-11-2,3.65
2013-11-3,3.78
2013-11-4,4.08
2013-11-5,4.08
2013-11-6,4.08
2013-11-7,3.95
2013-11-8,3.86
2013-11-9,3.86
2013-11-10,3.86
2013-11-11,3.86
2013-11-12,3.86
2013-11-13,4.16
2013-11-14,4.54
2013-11-15,4.54
2013-11-16,4.54
2013-11-17,4.54
2013-11-18,4.54
2013-11-19,4.54
2013-11-20,4.54
2013-11-21,4.54
2013-11-22,4.54
2013-11-23,4.54
2013-11-24,4.54
2013-11-25,8.3
2013-11-26,8.5
2013-11-27,6.72
2013-11-28,6.72
2013-11-29,6.18
2013-11-30,5.6
2013-12-1,5.29
2013-12-2,5.26
2013-12-3,5.03
2013-12-4,4.78
2013-12-5,4.78
2013-12-6,4.39
2013-12-7,3.98
2013-12-8,4.08
2013-12-9,4.62
2013-12-10,7.19
2013-12-11,6.15
2013-12-12,5.54
2013-12-13,5.29
2013-12-14,5.02
2013-12-15,4.78
2013-12-16,4.78
2013-12-17,4.74
2013-12-18,4.3
2013-12-19,4.08
2013-12-20,4.08
2013-12-21,4.08
2013-12-22,4.08
2013-12-23,4.08
2013-12-24,4.08
2013-12-25,4.08
2013-12-26,4.08
2013-12-27,4.08
2013-12-28,4.08
2013-12-29,4.08
2013-12-30,4.08
2013-12-31,4.03
2014-1-1,3.68
2014-1-2,3.65
2014-1-3,3.65
2014-1-4,3.65
2014-1-5,3.65
2014-1-6,3.65
2014-1-7,3.65
2014-1-8,3.65
2014-1-9,3.65
2014-1-10,3.65
2014-1-11,3.65
2014-1-12,3.65
2014-1-13,3.65
2014-1-14,3.65
2014-1-15,3.65
2014-1-16,3.65
2014-1-17,3.65
2014-1-18,3.65
2014-1-19,3.65
2014-1-20,3.65
2014-1-21,3.65
2014-1-22,3.65
2014-1-23,3.65
2014-1-24,3.65
2014-1-25,3.65
2014-1-26,3.65
2014-1-27,3.65
2014-1-28,3.65
2014-1-29,3.65
2014-1-30,3.65
2014-1-31,3.65
2014-2-1,4.41
2014-2-2,12.11
2014-2-3,8.32
2014-2-4,7.04
2014-2-5,7.04
2014-2-6,7.04
2014-2-7,7.04
2014-2-8,6.24
2014-2-9,5.85
2014-2-10,5.85
2014-2-11,5.85
2014-2-12,5.61
2014-2-13,4.95
2014-2-14,4.15
2014-2-15,3.82
2014-2-16,3.65
2014-2-17,3.47
2014-2-18,3.45
2014-2-19,3.45
2014-2-20,3.45
2014-2-21,3.38
2014-2-22,3.25
2014-2-23,3.25
2014-2-24,3.25
2014-2-25,3.25
2014-2-26,3.25
2014-2-27,3.25
2014-2-28,3.25
2014-3-1,3.25
2014-3-2,3.25
2014-3-3,3.25
2014-3-4,3.25
2014-3-5,3.25
2014-3-6,3.25
2014-3-7,3.25
2014-3-8,3.25
2014-3-9,3.25
2014-3-10,3.25
2014-3-11,3.25
2014-3-12,3.4
2014-3-13,4.25
2014-3-14,4.2
2014-3-15,3.97
2014-3-16,3.76
2014-3-17,3.43
2014-3-18,3.25
2014-3-19,3.25
2014-3-20,3.25
2014-3-21,3.25
2014-3-22,3.25
2014-3-23,3.16
2014-3-24,3.06
2014-3-25,3.06
2014-3-26,2.98
2014-3-27,2.76
2014-3-28,2.38
2014-3-29,2.27
2014-3-30,2.34
2014-3-31,2.52
2014-4-1,2.09
2014-4-2,1.82
2014-4-3,1.82
2014-4-4,1.81
2014-4-5,1.22
2014-4-6,0.96
2014-4-7,1.26
2014-4-8,1.44
2014-4-9,1.34
2014-4-10,1.27
2014-4-11,1.27
2014-4-12,1.2
2014-4-13,1.04
2014-4-14,0.96
2014-4-15,0.79
2014-4-16,0.6
2014-4-17,0.6
2014-4-18,0.6
2014-4-19,0.6
2014-4-20,0.46
2014-4-21,0.22
2014-4-22,0.25
2014-4-23,0.24
2014-4-24,0.22
2014-4-25,0.32
2014-4-26,0.25
2014-4-27,0.22
2014-4-28,0.76
2014-4-29,2.29
2014-4-30,1.9
2014-5-1,1.38
2014-5-2,0.74
2014-5-3,1.25
2014-5-4,0.39
2014-5-5,0.27
2014-5-6,0.27
2014-5-7,0.27
2014-5-8,0.97
2014-5-9,2.11
2014-5-10,2.27
2014-5-11,3.01
2014-5-12,10.05
2014-5-13,7.86
2014-5-14,4.9
2014-5-15,4.06
2014-5-16,1.69
2014-5-17,2.27
2014-5-18,2.27
2014-5-19,2.2
2014-5-20,2.04
2014-5-21,1.98
2014-5-22,1.82
2014-5-23,1.72
2014-5-24,1.62
2014-5-25,1.74
2014-5-26,2.78
2014-5-27,2.1
2014-5-28,1.39
2014-5-29,1.18
2014-5-30,0.98
2014-5-31,0.79
2014-6-1,0.71
2014-6-2,0.71
2014-6-3,1.6
2014-6-4,7.48
2014-6-5,4.91
2014-6-6,1.64
2014-6-7,1.92
2014-6-8,1.73
2014-6-9,1.56
2014-6-10,1.6
2014-6-11,24.11
2014-6-12,10.6
2014-6-13,6.13
2014-6-14,5.54
2014-6-15,3.56
2014-6-16,1.41
2014-6-17,1.77
2014-6-18,1.92
2014-6-19,2.04
2014-6-20,2.04
2014-6-21,2.04
2014-6-22,2.04
2014-6-23,10
2014-6-24,16.42
2014-6-25,5.63
2014-6-26,3.96
2014-6-27,3.3
2014-6-28,3.06
2014-6-29,2.87
2014-6-30,2.34
2014-7-1,0.97
2014-7-2,2.63
2014-7-3,4.01
2014-7-4,3.36
2014-7-5,2.59
2014-7-6,1.92
2014-7-7,1.64
2014-7-8,1.36
2014-7-9,3.09
2014-7-10,3.59
2014-7-11,2.15
2014-7-12,1.34
2014-7-13,1.01
2014-7-14,0.86
2014-7-15,0.53
2014-7-16,0.34
2014-7-17,0.34
2014-7-18,30.52
2014-7-19,12.92
2014-7-20,5.47
2014-7-21,3.78
2014-7-22,3.4
2014-7-23,28.25
2014-7-24,32.6
2014-7-25,17.37
2014-7-26,10.32
2014-7-27,7.43
2014-7-28,4.77
2014-7-29,5.4
2014-7-30,5.83
2014-7-31,2.93
2014-8-1,3.66
2014-8-2,4.95
2014-8-3,8.35
2014-8-4,8.85
2014-8-5,7.01
2014-8-6,5.62
2014-8-7,28.22
2014-8-8,13.4
2014-8-9,7.99
2014-8-10,17.82
2014-8-11,78.27
2014-8-12,20.69
2014-8-13,11.14
2014-8-14,10.99
2014-8-15,10.57
2014-8-16,8.6
2014-8-17,7.84
2014-8-18,9.07
2014-8-19,14.32
2014-8-20,13.54
2014-8-21,28.69
2014-8-22,41.75
2014-8-23,18.17
2014-8-24,12.33
2014-8-25,10.4
2014-8-26,8.83
2014-8-27,7.79
2014-8-28,6.65
2014-8-29,6.18
2014-8-30,5.4
2014-8-31,4.98
2014-9-1,4.72
2014-9-2,4.71
2014-9-3,30.78
2014-9-4,24.06
2014-9-5,11.05
2014-9-6,8.05
2014-9-7,6.98
2014-9-8,6.51
2014-9-9,5.66
2014-9-10,5.03
2014-9-11,4.78
2014-9-12,4.22
2014-9-13,3.8
2014-9-14,5.06
2014-9-15,4.68
2014-9-16,4.59
2014-9-17,4.14
2014-9-18,4.35
2014-9-19,4.35
2014-9-20,4.25
2014-9-21,4.37
2014-9-22,5.27
2014-9-23,4.74
2014-9-24,15.58
2014-9-25,15.57
2014-9-26,7.48
2014-9-27,5.99
2014-9-28,5.51
2014-9-29,5.97
2014-9-30,6.8
2014-10-1,5.67
2014-10-2,6.01
2014-10-3,5.59
2014-10-4,5.39
2014-10-5,5.12
2014-10-6,4.89
2014-10-7,4.59
2014-10-8,4.39
2014-10-9,4.29
2014-10-10,4.13
2014-10-11,3.94
2014-10-12,3.8
2014-10-13,3.8
2014-10-14,3.8
2014-10-15,3.8
2014-10-16,3.8
2014-10-17,3.8
2014-10-18,3.8
2014-10-19,3.71
2014-10-20,10.42
2014-10-21,73.43
2014-10-22,69.38
2014-10-23,25.91
2014-10-24,15.38
2014-10-25,11.48
2014-10-26,9.03
2014-10-27,8.48
2014-10-28,7.47
2014-10-29,7.24
2014-10-30,6.71
2014-10-31,6.79
2014-11-1,14.6
2014-11-2,9.54
2014-11-3,7.98
2014-11-4,6.83
2014-11-5,6.19
2014-11-6,6.09
2014-11-7,5.9
2014-11-8,5.45
2014-11-9,5.21
2014-11-10,5.21
2014-11-11,5.21
2014-11-12,5.21
2014-11-13,5.21
2014-11-14,5.21
2014-11-15,5.21
2014-11-16,5.21
2014-11-17,5.11
2014-11-18,4.8
2014-11-19,4.8
2014-11-20,4.8
2014-11-21,4.8
2014-11-22,4.63
2014-11-23,4.59
2014-11-24,4.41
2014-11-25,4.39
2014-11-26,4.39
2014-11-27,4.39
2014-11-28,4.39
2014-11-29,4.39
2014-11-30,4.54
2014-12-1,5.19
2014-12-2,5.21
2014-12-3,5.21
2014-12-4,5.21
2014-12-5,5.21
2014-12-6,5.12
2014-12-7,5.02
2014-12-8,4.83
2014-12-9,4.69
2014-12-10,4.59
2014-12-11,4.59
2014-12-12,4.59
2014-12-13,4.59
2014-12-14,4.14
2014-12-15,4
2014-12-16,4.91
2014-12-17,4.87
2014-12-18,4.39
2014-12-19,4.09
2014-12-20,3.99
2014-12-21,3.98
2014-12-22,4.19
2014-12-23,4.19
2014-12-24,4.03
2014-12-25,3.99
2014-12-26,3.75
2014-12-27,3.69
2014-12-28,3.72
2014-12-29,3.63
2014-12-30,3.61
2014-12-31,3.61
2015-1-1,3.03
2015-1-2,3.25
2015-1-3,3.25
2015-1-4,3.25
2015-1-5,3.25
2015-1-6,3.52
2015-1-7,3.53
2015-1-8,3.43
2015-1-9,3.43
2015-1-10,3.43
2015-1-11,3.43
2015-1-12,3.43
2015-1-13,3.43
2015-1-14,3.49
2015-1-15,3.39
2015-1-16,3.25
2015-1-17,3.25
2015-1-18,3.03
2015-1-19,3.25
2015-1-20,3.25
2015-1-21,3.25
2015-1-22,3.25
2015-1-23,3.25
2015-1-24,3.25
2015-1-25,3.25
2015-1-26,3.42
2015-1-27,3.61
2015-1-28,3.61
2015-1-29,3.61
2015-1-30,3.61
2015-1-31,3.33
2015-2-1,3.07
2015-2-2,3.07
2015-2-3,3.07
2015-2-4,3.07
2015-2-5,3.07
2015-2-6,3.07
2015-2-7,3.07
2015-2-8,2.89
2015-2-9,2.73
2015-2-10,2.86
2015-2-11,3.07
2015-2-12,3.07
2015-2-13,2.83
2015-2-14,2.73
2015-2-15,2.73
2015-2-16,2.99
2015-2-17,4.69
2015-2-18,4.52
2015-2-19,4.01
2015-2-20,3.74
2015-2-21,3.48
2015-2-22,4.52
2015-2-23,4.78
2015-2-24,4.42
2015-2-25,4.16
2015-2-26,3.82
2015-2-27,3.8
2015-2-28,3.8
2015-3-1,3.8
2015-3-2,3.8
2015-3-3,3.65
2015-3-4,3.61
2015-3-5,3.61
2015-3-6,3.51
2015-3-7,3.33
2015-3-8,3.25
2015-3-9,3.06
2015-3-10,2.9
2015-3-11,3.06
2015-3-12,3.42
2015-3-13,3.29
2015-3-14,3.43
2015-3-15,3.23
2015-3-16,2.93
2015-3-17,2.3
2015-3-18,2.85
2015-3-19,7.67
2015-3-20,5.25
2015-3-21,4.21
2015-3-22,3.87
2015-3-23,3.68
2015-3-24,3.59
2015-3-25,2.81
2015-3-26,2.9
2015-3-27,3.02
2015-3-28,2.84
2015-3-29,2.36
2015-3-30,2.22
2015-3-31,1.58
2015-4-1,1.46
2015-4-2,2.24
2015-4-3,17.99
2015-4-4,9.74
2015-4-5,7.21
2015-4-6,6.21
2015-4-7,4.67
2015-4-8,3.26
2015-4-9,3.69
2015-4-10,3.3
2015-4-11,3.24
2015-4-12,3.25
2015-4-13,3.25
2015-4-14,4.28
2015-4-15,5.08
2015-4-16,4.66
2015-4-17,4.17
2015-4-18,3.46
2015-4-19,8.41
2015-4-20,20.24
2015-4-21,15.07
2015-4-22,9.49
2015-4-23,7.22
2015-4-24,5.78
2015-4-25,5.15
2015-4-26,4.46
2015-4-27,3.83
2015-4-28,3.23
2015-4-29,3.19
2015-4-30,3.68
2015-5-1,3.19
2015-5-2,2.84
2015-5-3,2.73
2015-5-4,2.73
2015-5-5,1.88
2015-5-6,1.12
2015-5-7,1.5
2015-5-8,1.71
2015-5-9,1.71
2015-5-10,1.91
2015-5-11,1.99
2015-5-12,5.58
2015-5-13,7.97
2015-5-14,5.47
2015-5-15,4.25
2015-5-16,3.92
2015-5-17,3.55
2015-5-18,3.08
2015-5-19,2.83
2015-5-20,2.73
2015-5-21,2.68
2015-5-22,2.43
2015-5-23,2.14
2015-5-24,1.85
2015-5-25,1.62
2015-5-26,1.47
2015-5-27,1.31
2015-5-28,0.98
2015-5-29,0.89
2015-5-30,0.89
2015-5-31,0.89
2015-6-1,0.89
2015-6-2,0.89
2015-6-3,0.89
2015-6-4,0.89
2015-6-5,0.89
2015-6-6,0.89
2015-6-7,0.89
2015-6-8,0.89
2015-6-9,0.89
2015-6-10,0.82
2015-6-11,0.74
2015-6-12,1.07
2015-6-13,1.98
2015-6-14,2.59
2015-6-15,2.55
2015-6-16,2.06
2015-6-17,1.71
2015-6-18,1.64
2015-6-19,2.19
2015-6-20,3.87
2015-6-21,5.03
2015-6-22,3.58
2015-6-23,2.55
2015-6-24,2.17
2015-6-25,2.17
2015-6-26,14.32
2015-6-27,9.93
2015-6-28,5.35
2015-6-29,3.95
2015-6-30,3.28
2015-7-1,2.99
2015-7-2,2.62
2015-7-3,2.22
2015-7-4,1.97
2015-7-5,1.97
2015-7-6,1.82
2015-7-7,1.71
2015-7-8,1.59
2015-7-9,1.76
2015-7-10,1.87
2015-7-11,1.55
2015-7-12,2.2
2015-7-13,5.9
2015-7-14,5.02
2015-7-15,1.96
2015-7-16,1.7
2015-7-17,1.07
2015-7-18,1.07
2015-7-19,1.07
2015-7-20,1.89
2015-7-21,1.07
2015-7-22,1.72
2015-7-23,5.15
2015-7-24,89.21
2015-7-25,51.49
2015-7-26,21.78
2015-7-27,11.08
2015-7-28,6.91
2015-7-29,89.49
2015-7-30,50.67
2015-7-31,17.81
2015-8-1,11.07
2015-8-2,70.85
2015-8-3,57.36
2015-8-4,21.7
2015-8-5,11.61
2015-8-6,9.48
2015-8-7,7.1
2015-8-8,19.53
2015-8-9,17.95
2015-8-10,8.99
2015-8-11,7.51
2015-8-12,6.3
2015-8-13,4.9
2015-8-14,4.54
2015-8-15,5.24
2015-8-16,5.47
2015-8-17,8.67
2015-8-18,5.21
2015-8-19,4.26
2015-8-20,3.9
2015-8-21,4.84
2015-8-22,4.43
2015-8-23,3.69
2015-8-24,3.46
2015-8-25,4.86
2015-8-26,5.83
2015-8-27,4.23
2015-8-28,3.5
2015-8-29,3.08
2015-8-30,2.75
2015-8-31,1.63
2015-9-1,2.4
2015-9-2,2.28
2015-9-3,2.7
2015-9-4,3.14
2015-9-5,2.87
2015-9-6,3.63
2015-9-7,4.59
2015-9-8,3.36
2015-9-9,2.89
2015-9-10,2.66
2015-9-11,2.51
2015-9-12,3.29
2015-9-13,3.26
2015-9-14,2.89
2015-9-15,2.73
2015-9-16,2.64
2015-9-17,2.49
2015-9-18,2.37
2015-9-19,2.41
2015-9-20,2.29
2015-9-21,2.43
2015-9-22,3.25
2015-9-23,3.06
2015-9-24,2.54
2015-9-25,2.34
2015-9-26,2.41
2015-9-27,2.26
2015-9-28,2.26
2015-9-29,2.26
2015-9-30,2.19
2015-10-1,2.87
2015-10-2,5.35
2015-10-3,3.39
2015-10-4,2.91
2015-10-5,2.86
2015-10-6,3.04
2015-10-7,2.66
2015-10-8,2.57
2015-10-9,2.5
2015-10-10,2.41
2015-10-11,2.41
2015-10-12,2.41
2015-10-13,2.41
2015-10-14,2.41
2015-10-15,2.63
2015-10-16,2.81
2015-10-17,2.5
2015-10-18,2.41
2015-10-19,2.41
2015-10-20,2.34
2015-10-21,2.26
2015-10-22,2.26
2015-10-23,2.26
2015-10-24,2.26
2015-10-25,2.26
2015-10-26,2.26
2015-10-27,2.46
2015-10-28,2.9
2015-10-29,2.8
2015-10-30,2.65
2015-10-31,2.49
2015-11-1,2.41
2015-11-2,2.41
2015-11-3,2.41
2015-11-4,2.35
2015-11-5,2.26
2015-11-6,2.26
2015-11-7,2.57
2015-11-8,8.62
2015-11-9,10.95
2015-11-10,6.91
2015-11-11,4.94
2015-11-12,4.07
2015-11-13,4.11
2015-11-14,15.63
2015-11-15,11.2
2015-11-16,7.41
2015-11-17,14.45
2015-11-18,10.46
2015-11-19,7.89
2015-11-20,6.6
2015-11-21,5.78
2015-11-22,5.21
2015-11-23,6.58
2015-11-24,7.88
2015-11-25,7.26
2015-11-26,8.36
2015-11-27,7.58
2015-11-28,6.79
2015-11-29,6.03
2015-11-30,5.68
2015-12-1,5.64
2015-12-2,5.68
2015-12-3,8.05
2015-12-4,9.4
2015-12-5,9.44
2015-12-6,9.39
2015-12-7,8.26
2015-12-8,7.43
2015-12-9,6.79
2015-12-10,6.39
2015-12-11,6.74
2015-12-12,6.76
2015-12-13,6.29
2015-12-14,5.91
2015-12-15,6.4
2015-12-16,6.55
2015-12-17,6.05
2015-12-18,5.46
2015-12-19,5.42
2015-12-20,5.02
2015-12-21,5.02
2015-12-22,5.02
2015-12-23,5.02
2015-12-24,5.02
2015-12-25,5.02
2015-12-26,4.98
2015-12-27,4.59
2015-12-28,4.19
2015-12-29,4.1
2015-12-30,3.99
2015-12-31,3.99
2016-1-1,4.42
2016-1-2,4.42
2016-1-3,4.42
2016-1-4,4.42
2016-1-5,4.42
2016-1-6,4.42
2016-1-7,4.42
2016-1-8,4.42
2016-2-7,2.39
2016-2-8,2.39
2016-2-9,2.39
2016-2-10,2.39
2016-2-11,2.39
2016-2-12,2.39
2016-2-13,3.06
2016-2-14,7.25
2016-2-15,5.07
2016-2-16,4.15
2016-2-17,3.74
2016-2-18,3.62
2016-2-19,3.44
2016-2-20,3.31
2016-2-21,3.21
2016-2-22,3.21
2016-2-23,3.09
2016-2-24,2.99
2016-2-25,2.99
2016-2-26,2.99
2016-2-27,2.99
2016-2-28,2.99
2016-2-29,3.05
2016-3-1,3.21
2016-3-2,3.21
2016-3-3,3.33
2016-3-4,3.44
2016-3-5,8.31
2016-3-6,30.73
2016-3-7,14.43
2016-3-8,8.8
2016-3-9,7.53
2016-3-10,6.47
2016-3-11,5.58
2016-3-12,5.32
2016-3-13,4.8
2016-3-14,4.37
2016-3-15,4.21
2016-3-16,4.04
2016-3-17,3.71
2016-3-18,3.46
2016-3-19,3.21
2016-3-20,3.09
2016-3-21,2.89
2016-3-22,2.78
2016-3-23,2.78
2016-3-24,2.78
2016-3-25,2.78
2016-3-26,2.69
2016-3-27,2.58
2016-3-28,2.49
2016-3-29,2.39
2016-3-30,2.31
2016-3-31,2.21
2016-4-1,2.13
2016-4-2,2.03
2016-4-3,2.03
2016-4-4,1.94
2016-4-5,1.86
2016-4-6,1.79
2016-4-7,2.77
2016-4-8,2.86
2016-4-9,1.44
2016-4-10,1.27
2016-4-11,1.27
2016-4-12,1.16
2016-4-13,1.02
2016-4-14,1.11
2016-4-15,1.27
2016-4-16,1.28
2016-4-17,9.49
2016-4-18,7.43
2016-4-19,3.97
2016-4-20,2.63
2016-4-21,3.9
2016-4-22,4.74
2016-4-23,2.67
2016-4-24,2.62
2016-4-25,2.23
2016-4-26,1.86
2016-4-27,1.7
2016-4-28,1.57
2016-4-29,1.41
2016-4-30,1.41
2016-5-1,1.35
2016-5-2,1.22
2016-5-3,3.18
2016-5-4,11.13
2016-5-5,5.34
2016-5-6,3.62
2016-5-7,3.67
2016-5-8,3.22
2016-5-9,2.36
2016-5-10,3.57
2016-5-11,7.89
2016-5-12,5.57
2016-5-13,4.35
2016-5-14,3.92
2016-5-15,3.86
2016-5-16,17.22
2016-5-17,9.43
2016-5-18,5.53
2016-5-19,4.29
2016-5-20,3.39
2016-5-21,2.89
2016-5-22,2.57
2016-5-23,2.2
2016-5-24,4.98
2016-5-25,7.77
2016-5-26,4.42
2016-5-27,3.48
2016-5-28,2.97
2016-5-29,2.56
2016-5-30,2.19
2016-5-31,2.03
2016-6-1,1.64
2016-6-2,1.4
2016-6-3,1.12
2016-6-4,0.8
2016-6-5,1.26
2016-6-6,1.77
2016-6-7,1.43
2016-6-8,1.2
2016-6-9,1.08
2016-6-10,0.97
2016-6-11,0.9
2016-6-12,1.02
2016-6-13,1.02
2016-6-14,1.02
2016-6-15,1.09
2016-6-16,1.14
2016-6-17,1.14
2016-6-18,1.02
2016-6-19,0.86
2016-6-20,0.94
2016-6-21,1.03
2016-6-22,1.14
2016-6-23,1.11
2016-6-24,1.55
2016-6-25,2.81
2016-6-26,1.73
2016-6-27,1.41
2016-6-28,1.21
2016-6-29,1.02
2016-6-30,1.02
2016-7-1,3.25
2016-7-2,37.54
2016-7-3,13.82
2016-7-4,25.77
2016-7-5,132.41
2016-7-6,103.57
2016-7-7,34.32
2016-7-8,21.43
2016-7-9,13.8
2016-7-10,10.45
2016-7-11,7.99
2016-7-12,8.31
2016-7-13,6.5
2016-7-14,4.75
2016-7-15,4.31
2016-7-16,26.73
2016-7-17,32.65
2016-7-18,15.21
2016-7-19,8.73
2016-7-20,6.74
2016-7-21,4.5
2016-7-22,4.69
2016-7-23,3.93
2016-7-24,3.47
2016-7-25,3.21
2016-7-26,3.13
2016-7-27,2.09
2016-7-28,3.79
2016-7-29,10.55
2016-7-30,26.62
2016-7-31,17.2
2016-8-1,8.13
2016-8-2,5.68
2016-8-3,4.7
2016-8-4,3.9
2016-8-5,3.52
2016-8-6,3.16
2016-8-7,2.71
2016-8-8,2.31
2016-8-9,2.13
2016-8-10,1.91
2016-8-11,1.71
2016-8-12,1.55
2016-8-13,1.55
2016-8-14,1.55
2016-8-15,1.69
2016-8-16,1.66
2016-8-17,1.5
2016-8-18,1.21
2016-8-19,1.09
2016-8-20,0.97
2016-8-21,1
2016-8-22,0.99
2016-8-23,0.9
2016-8-24,0.9
2016-8-25,0.9
2016-8-26,1.37
2016-8-27,1.95
2016-8-28,2.03
2016-8-29,2.03
2016-8-30,2.03
2016-8-31,2.48
2016-9-1,5.9
2016-9-2,4.51
2016-9-3,3.94
2016-9-4,3.3
2016-9-5,3
2016-9-6,2.78
2016-9-7,2.68
2016-9-8,2.78
2016-9-9,3.21
2016-9-10,3.21
2016-9-11,3.14
2016-9-12,2.99
2016-9-13,2.8
2016-9-14,2.58
2016-9-15,2.58
2016-9-16,2.49
2016-9-17,4.13
2016-9-18,5.84
2016-9-19,4.36
2016-9-20,3.94
2016-9-21,3.77
2016-9-22,4.61
2016-9-23,3.3
2016-9-24,2.92
2016-9-25,2.78
2016-9-26,3.17
2016-9-27,3.16
2016-9-28,2.99
2016-9-29,2.84
2016-9-30,2.78
2016-10-1,2.78
2016-10-2,2.78
2016-10-3,5.58
2016-10-4,5.2
2016-10-5,4.12
2016-10-6,4.19
2016-10-7,3.74
2016-10-8,4.97
2016-10-9,5.36
2016-10-10,4
2016-10-11,3.61
2016-10-12,3.31
2016-10-13,3.09
2016-10-14,2.89
2016-10-15,2.78
2016-10-16,2.78
2016-10-17,2.78
2016-10-18,2.78
2016-10-19,2.66
2016-10-20,2.58
2016-10-21,2.58
2016-10-22,2.49
2016-10-23,2.39
2016-10-24,2.39
2016-10-25,7.07
2016-10-26,11.95
2016-10-27,5.69
2016-10-28,4.43
2016-10-29,4.05
2016-10-30,3.78
2016-10-31,3.55
2016-11-1,3.44
2016-11-2,3.44
2016-11-3,3.32
2016-11-4,3.13
2016-11-5,2.99
2016-11-6,2.88
2016-11-7,2.78
2016-11-8,2.78
2016-11-9,2.78
2016-11-10,2.78
2016-11-11,2.78
2016-11-12,2.78
2016-11-13,2.78
2016-11-14,2.78
2016-11-15,2.68
2016-11-16,2.58
2016-11-17,2.58
2016-11-18,2.58
2016-11-19,2.58
2016-11-20,2.58
2016-11-21,2.58
2016-11-22,2.58
2016-11-23,2.58
2016-11-24,2.58
2016-11-25,2.58
2016-11-26,2.58
2016-11-27,2.66
2016-11-28,2.78
2016-11-29,2.81
2016-11-30,2.99
2016-12-1,2.99
2016-12-2,2.99
2016-12-3,2.99
2016-12-4,2.99
2016-12-5,2.99
2016-12-6,2.99
2016-12-7,3.11
2016-12-8,3.21
2016-12-9,3.21
2016-12-10,3.21
2016-12-11,3.21
2016-12-12,3.21
2016-12-13,3.21
2016-12-14,3.21
2016-12-15,3.21
2016-12-16,3.03
2016-12-17,2.99
2016-12-18,2.99
2016-12-19,2.99
2016-12-20,2.69
2016-12-21,2.55
2016-12-22,9.58
2016-12-23,10.33
2016-12-24,6.37
2016-12-25,4.88
2016-12-26,4.43
2016-12-27,4.21
2016-12-28,3.88
2016-12-29,3.81
2016-12-30,3.39
2016-12-31,3.21
2017-1-1,3.33
2017-1-2,3.33
2017-1-3,3.33
2017-1-4,3.33
2017-1-5,3.33
2017-1-6,3.14
2017-1-7,3.1
2017-1-8,3.1
2017-1-9,3.1
2017-1-10,3.1
2017-1-11,2.99
2017-1-12,2.88
2017-1-13,2.88
2017-1-14,2.59
2017-1-15,2.47
2017-1-16,2.47
2017-1-17,2.47
2017-1-18,2.47
2017-1-19,2.47
2017-1-20,2.47
2017-1-21,2.47
2017-1-22,2.47
2017-1-23,2.47
2017-1-24,2.6
2017-1-25,2.51
2017-1-26,2.57
2017-1-27,2.67
2017-1-28,2.44
2017-1-29,2.27
2017-1-30,2.27
2017-1-31,2.27
2017-2-1,2.27
2017-2-2,2.27
2017-2-3,2.27
2017-2-4,2.27
2017-2-5,2.27
2017-2-6,2.27
2017-2-7,2.27
2017-2-8,2.27
2017-2-9,2.27
2017-2-10,2.09
2017-2-11,1.91
2017-2-12,1.91
2017-2-13,1.91
2017-2-14,1.91
2017-2-15,1.91
2017-2-16,1.91
2017-2-17,1.91
2017-2-18,1.91
2017-2-19,1.91
2017-2-20,2.6
2017-2-21,3.1
2017-2-22,3.15
2017-2-23,4.67
2017-2-24,4.15
2017-2-25,3.41
2017-2-26,3.1
2017-2-27,2.36
2017-2-28,1.9
2017-3-1,1.65
2017-3-2,1.9
2017-3-3,2.15
2017-3-4,2.27
2017-3-5,2.27
2017-3-6,2.27
2017-3-7,2.27
2017-3-8,2.27
2017-3-9,2.27
2017-3-10,2.27
2017-3-11,2.19
2017-3-12,2.01
2017-3-13,1.91
2017-3-14,1.91
2017-3-15,1.91
2017-3-16,1.83
2017-3-17,1.74
2017-3-18,1.74
2017-3-19,1.66
2017-3-20,1.58
2017-3-21,1.58
2017-3-22,1.54
2017-3-23,1.43
2017-3-24,1.43
2017-3-25,1.43
2017-3-26,1.43
2017-3-27,1.43
2017-3-28,1.43
2017-3-29,1.43
2017-3-30,1.37
2017-3-31,1.29
2017-4-1,1.29
2017-4-2,1.29
2017-4-3,1.29
2017-4-4,1.23
2017-4-5,1.16
2017-4-6,1.54
2017-4-7,1.52
2017-4-8,1.27
2017-4-9,1.16
2017-4-10,1.15
2017-4-11,1.03
2017-4-12,0.84
2017-4-13,0.7
2017-4-14,0.7
2017-4-15,0.64
2017-4-16,0.56
2017-4-17,0.52
2017-4-18,0.52
2017-4-19,0.63
2017-4-20,0.76
2017-4-21,0.8
2017-4-22,0.76
2017-4-23,0.62
2017-4-24,0.52
2017-4-25,0.48
2017-4-26,0.41
2017-4-27,0.31
2017-4-28,0.24
2017-4-29,0.22
2017-4-30,0.19
2017-5-1,0.19
2017-5-2,0.19
2017-5-3,0.19
2017-5-4,0.19
2017-5-5,0.19
2017-5-6,0.19
2017-5-7,0.19
2017-5-8,0.19
2017-5-9,0.19
2017-5-10,0.19
2017-5-11,0.19
2017-5-12,0.19
2017-5-13,0.19
2017-5-14,0.19
2017-5-15,0.19
2017-5-16,0.19
2017-5-17,0.19
2017-5-18,0.17
2017-5-19,0.15
2017-5-20,0.15
2017-5-21,0.15
2017-5-22,0.15
2017-5-23,0.15
2017-5-24,0.15
2017-5-25,0.15
2017-5-26,0.15
2017-5-27,0.18
2017-5-28,0.19
2017-5-29,0.22
2017-5-30,0.19
2017-5-31,0.19
2017-6-1,0.19
2017-6-2,0.19
2017-6-3,0.19
2017-6-4,0.19
2017-6-5,0.19
2017-6-6,0.19
2017-6-7,0.19
2017-6-8,0.19
2017-6-9,0.19
2017-6-10,0.19
2017-6-11,0.19
2017-6-12,0.19
2017-6-13,0.19
2017-6-14,0.19
2017-6-15,0.19
2017-6-16,0.19
2017-6-17,0.19
2017-6-18,0.19
2017-6-19,0.19
2017-6-20,0.19
2017-6-21,0.19
2017-6-22,0.19
2017-6-23,0.19
2017-6-24,0.17
2017-6-25,0.15
2017-6-26,0.17
2017-6-27,6.12
2017-6-28,5.88
2017-6-29,3.72
2017-6-30,2.66
2017-7-1,2.21
2017-7-2,2.02
2017-7-3,6.18
2017-7-4,44.53
2017-7-5,21.06
2017-7-6,8.68
2017-7-7,12.38
2017-7-8,11.23
2017-7-9,12.77
2017-7-10,113.84
2017-7-11,201.05
2017-7-12,39.4
2017-7-13,23.25
2017-7-14,19.12
2017-7-15,24.85
2017-7-16,192.61
2017-7-17,56.41
2017-7-18,35.33
2017-7-19,23.38
2017-7-20,19.4
2017-7-21,17.1
2017-7-22,20.36
2017-7-23,21.96
2017-7-24,66.56
2017-7-25,49.69
2017-7-26,25.79
2017-7-27,19.47
2017-7-28,18.25
2017-7-29,18.72
2017-7-30,13.85
2017-7-31,179.59
2017-8-1,65.84
2017-8-2,27.46
2017-8-3,20.42
2017-8-4,15.43
2017-8-5,11.68
2017-8-6,9.7
2017-8-7,8.3
2017-8-8,5.79
2017-8-9,5
2017-8-10,9.31
2017-8-11,7.84
2017-8-12,6.04
2017-8-13,5.29
2017-8-14,6.29
2017-8-15,17.39
2017-8-16,34.18
2017-8-17,21.25
2017-8-18,17.09
2017-8-19,11.52
2017-8-20,23.95
2017-8-21,75.05
2017-8-22,95.72
2017-8-23,81.22
2017-8-24,74.46
2017-8-25,73.13
2017-8-26,35.54
2017-8-27,26.99
2017-8-28,26.94
2017-8-29,39.32
2017-8-30,22.6
2017-8-31,18.87
2017-9-1,15.91
2017-9-2,14.29
2017-9-3,12.12
2017-9-4,10.81
2017-9-5,10.09
2017-9-6,9.63
2017-9-7,9.38
2017-9-8,8.31
2017-9-9,7.92
2017-9-10,7.92
2017-9-11,10.94
2017-9-12,10.19
2017-9-13,7.65
2017-9-14,7.28
2017-9-15,6.51
2017-9-16,5.75
2017-9-17,5.53
2017-9-18,5.19
2017-9-19,6.48
2017-9-20,10.04
2017-9-21,6.7
2017-9-22,5.42
2017-9-23,4.96
2017-9-24,4.76
2017-9-25,5.28
2017-9-26,7.54
2017-9-27,7.39
2017-9-28,6.31
2017-9-29,4.98
2017-9-30,4.43
2017-10-1,4.06
2017-10-2,5.14
2017-10-3,5.41
2017-10-4,4.48
2017-10-5,4.14
2017-10-6,4.03
2017-10-7,4.03
2017-10-8,3.89
2017-10-9,3.67
2017-10-10,3.58
2017-10-11,4
2017-10-12,4.26
2017-10-13,4.23
2017-10-14,3.54
2017-10-15,3.37
2017-10-16,3.37
2017-10-17,3.37
2017-10-18,3.37
2017-10-19,3.37
2017-10-20,3.37
2017-10-21,3.26
2017-10-22,3.07
2017-10-23,2.96
2017-10-24,2.75
2017-10-25,2.58
2017-10-26,2.58
2017-10-27,2.58
2017-10-28,2.58
2017-10-29,2.58
2017-10-30,2.58
2017-10-31,2.58
2017-11-1,2.58
2017-11-2,2.58
2017-11-3,2.58
2017-11-4,2.58
2017-11-5,2.58
2017-11-6,2.58
2017-11-7,2.58
2017-11-8,2.58
2017-11-9,2.58
2017-11-10,2.58
2017-11-11,2.58
2017-11-12,2.58
2017-11-13,2.58
2017-11-14,2.58
2017-11-15,2.52
2017-11-16,2.41
2017-11-17,2.41
2017-11-18,2.41
2017-11-19,2.46
2017-11-20,2.58
2017-11-21,2.58
2017-11-22,2.58
2017-11-23,2.58
2017-11-24,2.69
2017-11-25,2.99
2017-11-26,9.39
2017-11-27,5.83
2017-11-28,4.33
2017-11-29,3.62
2017-11-30,3.58
2017-12-1,3.18
2017-12-2,3.16
2017-12-3,3.16
2017-12-4,3.16
2017-12-5,3.16
2017-12-6,3.16
2017-12-7,3.16
2017-12-8,3.16
2017-12-9,3.16
2017-12-10,3.16
2017-12-11,3.16
2017-12-12,2.19
2017-12-13,2.18
2017-12-14,2.3
2017-12-15,2.23
2017-12-16,2.23
2017-12-17,2.11
2017-12-18,2.07
2017-12-19,2.07
2017-12-20,2.07
2017-12-21,2.13
2017-12-22,2.23
2017-12-23,2.23
2017-12-24,2.8
2017-12-25,3.58
2017-12-26,3.18
2017-12-27,2.36
2017-12-28,2.35
2017-12-29,2.58
2017-12-30,2.58
2017-12-31,2.58
2018-1-1,2.91
2018-1-2,2.91
2018-1-3,2.71
2018-1-4,2.45
2018-1-5,2.39
2018-1-6,2.39
2018-1-7,2.39
2018-1-8,2.39
2018-1-9,2.39
2018-1-10,2.39
2018-1-11,2.39
2018-1-12,2.39
2018-1-13,2.39
2018-1-14,2.39
2018-1-15,2.39
2018-1-16,2.39
2018-1-17,2.33
2018-1-18,2.39
2018-1-19,2.39
2018-1-20,2.39
2018-1-21,2.39
2018-1-22,2.39
2018-1-23,2.39
2018-1-24,2.39
2018-1-25,2.39
2018-1-26,2.39
2018-1-27,2.39
2018-1-28,2.39
2018-1-29,2.39
2018-1-30,2.39
2018-1-31,2.39
2018-2-1,2.39
2018-2-2,2.39
2018-2-3,2.39
2018-2-4,2.39
2018-2-5,2.39
2018-2-6,2.39
2018-2-7,2.39
2018-2-8,2.39
2018-2-9,2.46
2018-2-10,2.56
2018-2-11,2.56
2018-2-12,2.56
2018-2-13,2.56
2018-2-14,2.56
2018-2-15,2.56
2018-2-16,2.56
2018-2-17,2.56
2018-2-18,2.56
2018-2-19,2.56
2018-2-20,2.54
2018-2-21,2.17
2018-2-22,2.07
2018-2-23,1.95
2018-2-24,1.92
2018-2-25,1.92
2018-2-26,1.92
2018-2-27,1.92
2018-2-28,3.8
2018-3-1,15.03
2018-3-2,5.74
2018-3-3,3.91
2018-3-4,3.05
2018-3-5,14.46
2018-3-6,10.43
2018-3-7,5.58
2018-3-8,5.74
2018-3-9,6.92
2018-3-10,5.51
2018-3-11,4.32
2018-3-12,3.99
2018-3-13,3.63
2018-3-14,3.26
2018-3-15,4.11
2018-3-16,5.91
2018-3-17,4.67
2018-3-18,3.9
2018-3-19,4.13
2018-3-20,4.72
2018-3-21,4.11
2018-3-22,3.9
2018-3-23,3.9
2018-3-24,3.8
2018-3-25,3.39
2018-3-26,3.08
2018-3-27,2.91
2018-3-28,2.83
2018-3-29,2.5
2018-3-30,1.48
2018-3-31,1.37
2018-4-1,1.49
2018-4-2,1.63
2018-4-3,1.63
2018-4-4,2.24
2018-4-5,3
2018-4-6,10.02
2018-4-7,6.61
2018-4-8,4.78
2018-4-9,4.04
2018-4-10,3.52
2018-4-11,3.49
2018-4-12,3.21
2018-4-13,2.64
2018-4-14,4.13
2018-4-15,5.72
2018-4-16,3.83
2018-4-17,3.71
2018-4-18,2.99
2018-4-19,2.32
2018-4-20,1.92
2018-4-21,1.85
2018-4-22,1.77
2018-4-23,13.72
2018-4-24,28.82
2018-4-25,15.02
2018-4-26,8.04
2018-4-27,5.77
2018-4-28,4.41
2018-4-29,3.42
2018-4-30,2.95
2018-5-1,2.63
2018-5-2,4.26
2018-5-3,6.33
2018-5-4,5.04
2018-5-5,3.99
2018-5-6,8.65
2018-5-7,13.28
2018-5-8,7.46
2018-5-9,5.45
2018-5-10,4.61
2018-5-11,4.33
2018-5-12,9.79
2018-5-13,25.45
2018-5-14,13.51
2018-5-15,9.34
2018-5-16,37.97
2018-5-17,58.83
2018-5-18,93.38
2018-5-19,34.23
2018-5-20,19.71
2018-5-21,14.63
2018-5-22,11.77
2018-5-23,18.51
2018-5-24,11.22
2018-5-25,7.63
2018-5-26,6.26
2018-5-27,5.32
2018-5-28,3.87
2018-5-29,4.11
2018-5-30,5.62
2018-5-31,5.81
2018-6-1,4.82
2018-6-2,3.88
2018-6-3,3.3
2018-6-4,3.22
2018-6-5,2.83
2018-6-6,2.39
2018-6-7,2.39
2018-6-8,2.39
2018-6-9,2.39
2018-6-10,2.39
2018-6-11,2.3
2018-6-12,2.23
2018-6-13,2.15
2018-6-14,2.07
2018-6-15,2.07
2018-6-16,2.03
2018-6-17,1.92
2018-6-18,2.23
2018-6-19,2.33
2018-6-20,2.16
2018-6-21,2.07
2018-6-22,2
2018-6-23,1.92
2018-6-24,1.92
2018-6-25,1.92
2018-6-26,54.43
2018-6-27,70.03
2018-6-28,23.28
2018-6-29,29.83
2018-6-30,16.32
2018-7-1,116.22
2018-7-2,220.95
2018-7-3,73.43
2018-7-4,32.09
2018-7-5,55.82
2018-7-6,126.64
2018-7-7,33.61
2018-7-8,22.65
2018-7-9,21.21
2018-7-10,23.93
2018-7-11,18.11
2018-7-12,16.11
2018-7-13,12.63
2018-7-14,9.85
2018-7-15,6.91
2018-7-16,6.61
2018-7-17,5.89
2018-7-18,5.25
2018-7-19,4.44
2018-7-20,3.94
2018-7-21,3.57
2018-7-22,3.29
2018-7-23,3.04
2018-7-24,2.81
2018-7-25,2.66
2018-7-26,2.56
2018-7-27,2.38
2018-7-28,2.23
2018-7-29,2.23
2018-7-30,2.23
2018-7-31,2.08
2018-8-1,1.92
2018-8-2,1.86
2018-8-3,1.72
2018-8-4,1.63
2018-8-5,1.59
2018-8-6,1.5
2018-8-7,2
2018-8-8,2.32
2018-8-9,3.53
2018-8-10,5.41
2018-8-11,3.03
2018-8-12,2.3
2018-8-13,2.01
2018-8-14,1.88
2018-8-15,1.66
2018-8-16,1.45
2018-8-17,1.56
2018-8-18,1.16
2018-8-19,0.62
2018-8-20,1.38
2018-8-21,0.79
2018-8-22,1.56
2018-8-23,5.1
2018-8-24,5.1
2018-8-25,4.47
2018-8-26,3.6
2018-8-27,83.11
2018-8-28,323.37
2018-8-29,141.14
2018-8-30,40.61
2018-8-31,66.64
2018-9-1,31.6
2018-9-2,21.71
2018-9-3,22.09
2018-9-4,106.58
2018-9-5,32.69
2018-9-6,23.68
2018-9-7,21.01
2018-9-8,17
2018-9-9,14.68
2018-9-10,10.88
2018-9-11,8.33
2018-9-12,8.2
2018-9-13,7.48
2018-9-14,6.85
2018-9-15,6.92
2018-9-16,7.43
2018-9-17,7.13
2018-9-18,6.52
2018-9-19,6.06
2018-9-20,6.52
2018-9-21,24.46
2018-9-22,20.06
2018-9-23,10.99
2018-9-24,8.54
2018-9-25,7.53
2018-9-26,6.69
2018-9-27,6.16
2018-9-28,7.34
2018-9-29,5.77
2018-9-30,5.38
2018-10-1,5.27
2018-10-2,5.04
2018-10-3,4.71
2018-10-4,4.56
2018-10-5,6.63
2018-10-6,83.35
2018-10-7,44.2
2018-10-8,19.13
2018-10-9,13.24
2018-10-10,10.94
2018-10-11,10.29
2018-10-12,9.81
2018-10-13,9.22
2018-10-14,7.94
2018-10-15,7
2018-10-16,6.45
2018-10-17,5.68
2018-10-18,5.27
2018-10-19,5.27
2018-10-20,5.27
2018-10-21,5.06
2018-10-22,4.68
2018-10-23,4.56
2018-10-24,4.56
2018-10-25,4.56
2018-10-26,4.56
2018-10-27,4.56
2018-10-28,5.14
2018-10-29,6.21
2018-10-30,5.17
2018-10-31,4.66
2018-11-1,4.56
2018-11-2,4.45
2018-11-3,4.33
2018-11-4,4.22
2018-11-5,4.11
2018-11-6,4.11
2018-11-7,4.11
2018-11-8,8.19
2018-11-9,24.69
2018-11-10,12.27
2018-11-11,8.4
2018-11-12,7.01
2018-11-13,6.57
2018-11-14,6.1
2018-11-15,5.77
2018-11-16,5.43
2018-11-17,5.03
2018-11-18,5.03
2018-11-19,4.91
2018-11-20,4.79
2018-11-21,4.79
2018-11-22,4.79
2018-11-23,4.79
2018-11-24,4.88
2018-11-25,5.03
2018-11-26,5.03
2018-11-27,5.03
2018-11-28,4.97
2018-11-29,4.33
2018-11-30,4.33
2018-12-1,4.33
2018-12-2,4.33
2018-12-3,4.82
2018-12-4,8.83
2018-12-5,9.38
2018-12-6,6.6
2018-12-7,6.3
2018-12-8,6.19
2018-12-9,5.03
2018-12-10,5.03
2018-12-11,5.03
2018-12-12,5.03
2018-12-13,5.03
2018-12-14,5.03
2018-12-15,5.03
2018-12-16,5.03
2018-12-17,5.03
2018-12-18,5.03
2018-12-19,4.93
2018-12-20,4.56
2018-12-21,4.56
2018-12-22,4.47
2018-12-23,4.33
2018-12-24,4.33
2018-12-25,4.33
2018-12-26,4.22
2018-12-27,3.31
2018-12-28,2.86
2018-12-29,3.1
2018-12-30,3.1
2018-12-31,3.1
